"","City","Natural Resources","Availability of Water","Agricultural Potential","Mining Potential","Tourism Potential","Environmental Sensitivity","Human Resources","Size of Labour Force","Quality of Labour Force","Transport and Communication","Institutional Services","Municipal Seat","Public Institutions represented","Social service organisations","Safety and Security","Democratic Status","Economic Sectors","Diversity of Economy","Strenght of primary tertiary sectors","Size of Economy","Commercial Services","Presence of commercial and financial services","Market Potential and Accessibility","Size of Population","Size of personal Income","Household income potential","Access to primary metropolitan market","Property Market","Size of Property Market","Human Development Needs","Racial Composition","Famility Stability","Age dependancy","Education","Income","Occupation","Dependency Ratio","Labour Dependency Ratio","Health Status","Migration Rates","Housing","Access to domestic services","Human Development Index","Composite Resources Potential Index","Composite Infrastructure Index","Composite Economic Activties Index","Composite Human Needs Index","Composite Development Index","Composite Needs Index","Sustainability Index SDGs","latitude","longitude"
"1","Aggeneys, Northern Cape",33.9257925609412,19.1651980729699,26.4409285872664,70.3190374256392,16.2071367118686,43.6071499849595,12.4185368230607,5.06951306241386,17.3178859968252,78.3204193316128,26.2168867507999,0,11.6909020226043,2.97619047619048,97.48,49.9491869918699,0.736106629776263,0.491449793564457,1.35864532547597,0.45269523516034,7.66403165589882,7.66403165589882,9.15892267196747,0.975064646127445,0.37232449098657,19.2884037960427,24.4851258581236,12.6221507409784,12.6221507409784,48.0010875814934,17.0412125095174,6.34726930014616,1.55543557125331,33.1208608668298,3.29632647184308,60.0919965799264,0.224296854891626,90.749259027602,93.96,47.2669540419824,99.8671006074943,70.5097259650319,98.2196796193715,23.1721646920009,52.2686530412063,7.54530292465523,48.0010875814934,27.6620402192875,48.0010875814934,29.1536691043482,-29.2370676,18.8406534
"2","Alexander Bay, Northern Cape",32.8546234735693,34.4317799073272,20.108658476743,66.364967131793,54.0473119485983,31.6695730809494,12.846857605497,5.09217010403358,18.0166492731393,64.7541695965701,27.7926906458287,0,22.8497871904933,5.95238095238095,85.89,49.7267759562842,4.87613474422461,5.94454658270135,4.14613823371391,4.62232324825007,8.00801833639646,8.00801833639646,4.49823130670431,0.748325475542548,0.461490392084564,14.0402771256736,6.63615560640732,9.00480405196108,9.00480405196108,47.3152005740925,22.7233679900564,13.3985310748061,2.52250982429116,30.3942405728309,8.91320013274699,44.415668305955,2.36446695469876,83.4279561697689,93.91,41.6577885603966,99.9647368131373,70.6470997068958,98.529029315933,22.8507405395331,46.2734301211994,6.59679710982161,47.3152005740925,25.2403225901847,47.3152005740925,27.691133824884,-28.594787,16.482647
"3","Askham, Northern Cape",32.6210197017431,19.0254879549226,32.6903660730392,34.2531608634414,54.3537796272564,55.7437225933049,15.4890931692053,35.0362827347049,2.45763345887219,52.6519078448722,30.1754436191929,0,21.7832128295971,2.97619047619048,97.53,56.1049445005045,0.23580668610659,0.175432403863693,0.147932348482269,0.346993151007004,4.80861902126937,4.80861902126937,4.27960390001958,0.261655278602723,0.0326888897704291,6.4256107990256,14.5308924485126,2.65095112476675,2.65095112476675,43.4726349643483,25.1830840299547,13.9181139174794,0.114856986935676,13.1834393846741,23.2867509199506,26.9654469485954,0.0112562956925776,68.7864641721185,93.83,17.4827282203473,99.9733486904713,72.6093670158082,99.677757499847,24.0550564354742,41.4136757320326,2.99374518304057,43.4726349643483,22.8208257835158,43.4726349643483,25.9502012170097,-26.9799699,20.7819117
"4","Augrabies, Northern Cape",30.3927633647338,34.3060584698832,45.6320635521339,30.743363269345,54.2467706074122,28.4554925263706,17.220062396129,31.038258932224,8.00793137206564,81.1282335731194,24.8349748540769,0,10.9366502792104,5.95238095238095,83.62,56.1049445005045,18.5251673283356,22.2138392239578,35.2483569976598,3.21627115462576,8.42773033143777,8.42773033143777,7.21352420838361,1.56346572568711,0.764649712187379,10.3786515464336,22.1967963386728,45.7506100283169,45.7506100283169,50.1107073173099,11.7970365715928,16.7883873717964,4.27550771630845,16.5456061822861,25.4868139254567,29.3087397247288,0.334337310469191,94.5635270856575,93.1,87.0172546623732,97.8089515938671,74.7665690403285,99.0865622348949,23.8064128804314,52.9816042135981,19.9792579741185,50.1107073173099,32.2557583560493,50.1107073173099,34.6569449113904,-28.5175205,20.0691821299267
"5","Barkly West, Northern Cape",39.7731457389009,42.0394841899209,56.0918586921419,76.5444454982078,41.2255573567303,33.3384895298991,14.2402372371826,14.4712412911996,14.0862345345046,84.2183041338886,34.4469220620685,45.9183673469388,5.26134202937197,11.9047619047619,94.94,58.9907192575406,6.87023436661015,7.02311328484846,11.294401030855,3.43745017974776,21.3527910716759,21.3527910716759,25.7916227224896,8.66652286047404,11.47874443443,22.7676726243252,75.9725400457666,32.0259299762024,32.0259299762024,43.7076649095228,8.86513079214045,18.1284697293296,8.89772618179681,28.4457774374493,27.1163531521072,38.6404014450822,1.58747997545435,58.7640544010412,91.01,30.7929676052896,84.1601166277255,66.0819426055102,94.489616093234,27.0066914880417,59.3326130979785,21.5101445342445,43.7076649095228,35.9498163734216,43.7076649095228,38.9029760495269,-28.535577,24.519864
"6","Brandvlei, Northern Cape",21.4712159479784,16.9986982270494,23.0920943777292,28.0823827140568,17.6812210342404,51.3338421518207,7.83672314942059,7.3040637921594,8.19182938759472,69.9891132472166,29.0077346315726,0,13.8745122639721,8.92857142857143,92.62,69.0476190476191,1.07029371072773,0.924153751221356,1.3959098304613,0.935686590557334,5.58160367033527,5.58160367033527,10.7117121399467,1.23240929411068,1.08217266134256,8.55350698852147,41.533180778032,8.9963742797152,8.9963742797152,45.7905856010589,24.9649679603446,16.5425798495483,3.17548299070717,13.3658163405662,14.8947325855106,43.4221869469935,0.146981534388288,72.1374038322685,95.45,28.8110354084721,99.8542088056383,76.3955135955049,98.5061264584545,14.6539695486995,49.4984239393946,6.58999595018122,45.7905856010589,23.5807964794251,45.7905856010589,26.0881883635143,-30.463333,20.486111
"7","Britstown, Northern Cape",37.3980531323462,31.1377924148956,34.6565154681245,16.4725092701749,55.009579135814,66.2851591636292,14.1572858461998,14.3201943470681,14.0486801789542,80.4451205576653,30.8115588110326,0,23.1295805030299,8.92857142857143,89.87,65.3129770992366,3.30038210241744,2.66314541339512,2.84465200884129,4.12010718936629,7.6246042481526,7.6246042481526,13.9541854201381,2.21781945372489,1.93141685169188,8.1694982718558,55.3775743707094,18.3709679200223,18.3709679200223,44.6671872618757,19.3215270948492,25.1393124547007,6.66985325046925,17.8011792711031,22.5781800777843,30.1435374666478,0.881407468834438,64.3248340269648,93.48,26.224092330521,98.4839680360088,68.7791864479075,97.7069039197109,25.777669489273,55.6283396843489,10.8125349226826,44.6671872618757,30.7395146987682,44.6671872618757,30.0046020547602,-30.587496,23.503982
"8","Buffelsrivier, Northern Cape",29.8066531852915,15.7122853797213,37.402839534262,54.1190771768507,36.2417598165664,28.3594525317045,10.3827075532316,17.9538173968318,5.33530099083153,71.7179027330532,26.0549489185788,0,12.415408626822,2.97619047619048,93.43,51.4705882352941,0.620076402740442,0.427800964251422,1.27278423678096,0.274752106076817,7.53628705160209,7.53628705160209,8.96725331417399,0.459082160975123,1.03328007165343,11.0187758535061,31.5789473684211,3.97642668715013,3.97642668715013,43.6151388971989,25.5527138825644,18.0297490718816,0.656012086672536,13.236987430484,21.8341707575437,33.956346657803,0.0644749786502111,59.521826038049,94.92,16.4265112925883,99.6156689037302,73.5305587626954,99.3519453476192,20.0946803692616,48.886425825816,5.27501086391666,43.6151388971989,24.7520390196647,43.6151388971989,29.155414971134,-29.9375478,17.9998455
"9","Calvinia, Northern Cape",27.6207681114279,26.9051893498584,34.8202288903331,24.3183849528771,53.7757421553757,33.5859794114044,15.018050021694,7.3040637921594,20.1607075080505,72.8715831515779,35.1803157670544,45.9183673469388,6.82975732828793,8.92857142857143,90.9,64.7831800262812,4.96824185368007,4.30542371333982,6.16721804506674,4.56612331539525,9.48323495296816,9.48323495296816,16.2092175036298,4.17269043966122,1.58839928398089,15.5394643743334,56.8649885583524,20.6955357086239,20.6955357086239,48.1305354056948,23.6102731141363,17.8046261602092,13.2402147019265,31.9213811744687,17.0566812797028,38.9523748204851,0.612428697847111,81.2843822709945,95.45,33.2338735740015,99.2305050051038,70.5027137715612,94.9420441125706,21.3194090665609,54.0259494593162,12.8390575047255,48.1305354056948,29.3948053435342,48.1305354056948,27.4945747201193,-31.469444,19.777222
"10","Campbell, Northern Cape",22.6378315153659,25.0867449936251,40.1304660644005,42.7667290952847,6.83422721351978,31.276980271499,6.75831967763704,4.53240362296952,8.24226371408205,75.7377359833013,27.9502040676875,0,14.3990154500557,8.92857142857143,92.5,61.0684089162183,0.731100602058247,0.643045916664425,0.769463522328732,0.76836942590075,6.45194251688607,6.45194251688607,13.9969089093773,0.939286411985722,0.867796485265969,2.97186070444149,64.3020594965675,18.9844334404186,18.9844334404186,40.8694573683182,18.7704651725005,19.3345186430212,7.433154932357,28.5037421285437,25.7242922046173,23.7916192537608,0.82237897578667,20.2511752308739,93.49,17.1112633387545,96.5166994038071,70.363558963637,98.545883914686,14.6980755965014,51.8439700254944,10.0410963671851,40.8694573683182,25.5277139963936,40.8694573683182,31.3252307137293,-28.7972222,23.7205556
"11","Carnarvon, Northern Cape",28.6923639858958,23.8423107098252,21.8996703122331,25.3387008303284,62.0104816168586,45.6172895600784,17.4664229359424,3.71292269543272,26.6354230962822,74.2256146744607,34.9299621089338,45.9183673469388,7.99782863303519,5.95238095238095,86.45,65.228013029316,2.55988417027771,2.36873897018885,2.7073728454816,2.59262656394144,6.48121080271789,6.48121080271789,12.5248414061949,2.85062002866525,2.76040980800855,15.6493098732176,38.558352402746,16.3399332998299,16.3399332998299,47.3010957390337,25.3789693289079,22.4633927491344,10.5721835584251,27.8689287999444,22.2339949342936,37.4103378478279,1.02224413601817,60.148861719891,95.46,41.6414385773428,97.4889149457713,69.8620247022032,98.2654180528059,23.0793934609191,54.5777883916972,9.4764674197551,47.3010957390337,29.0445497574571,47.3010957390337,27.7777712737735,-30.967778,22.133333
"12","Carolusberg, Northern Cape",27.9792556192044,27.2166234195082,32.2691597267854,51.6177373280049,35.9503941101144,26.7453159081567,15.9259760455984,17.9538173968318,14.5740818114427,80.3348939694752,24.3862057037839,0,0,2.97619047619048,95.96,62.6464507236389,5.87150076061686,4.54365861870464,8.73817330782587,4.71737795664427,14.6290095690152,14.6290095690152,14.4733024640915,0.575469187701211,6.05602360996632,26.9501655724685,35.4691075514874,23.2343850122913,23.2343850122913,49.2209512685267,16.4488159701177,16.4728013854666,7.51719112804172,14.4836718262017,16.7388552943192,45.1304605468715,0.738813730671335,86.5693324701893,94.92,77.9812461243468,98.1422266610354,68.2681948004542,99.1876498019452,21.9526158324014,52.3605498366296,14.5520494515037,49.2209512685267,29.6217383735116,49.2209512685267,31.625842070432,-29.645,18.0008
"13","Cillie, Northern Cape",35.8734623133072,35.3025427851355,46.0464376163058,22.7316001633969,53.7064605401279,28.7736939487597,18.7564355409641,31.038258932224,10.5685532801241,83.1376297112897,30.8584279710319,0,20.1458763650057,2.97619047619048,89.74,71.7228464419476,20.6790085472247,24.0387945919157,38.3496299254357,4.90620298004818,10.2166172959462,10.2166172959462,8.94043822979417,0.848763168976542,3.69208804368286,11.5751248562975,26.3157894736842,10.5098196134109,10.5098196134109,48.0116888478658,17.9032409365185,16.5761556660859,8.53292038129251,17.4371406891737,24.8143094039351,37.3918580061516,0.66725961977517,82.9198945769259,93.1,46.8361871774221,96.3004388861051,74.5493682337585,99.5041193935782,27.3149489271356,56.9980288411608,12.586470921594,48.0116888478658,32.2998162299635,48.0116888478658,36.1321577631932,-28.7355556,20.5841667
"14","Colesberg, Northern Cape",28.7171604076785,35.7464207060176,41.9014734521899,18.5389774940035,32.4363725335875,67.6119714114823,25.3846594883241,9.47441957064906,35.9914861001075,86.7855204293344,36.5919848546904,45.9183673469388,7.05404218660871,8.92857142857143,96.57,68.075737560546,5.36992122268879,4.28139712328837,6.0315954603758,5.69005861897385,13.6470390422613,13.6470390422613,22.6774458881509,7.27203385507073,6.9407819145344,18.612628211976,73.4553775743707,31.1619490698539,31.1619490698539,48.0630562942028,9.09072637194416,21.3664584412556,17.6217589270145,32.9957833713801,25.946493301044,37.0469566117993,3.12083420035179,64.5428868214016,91.62,62.5156402830453,89.3228054382487,68.2482578720446,96.6436192780916,27.0509099480013,61.6887526420124,18.2140888057387,48.0630562942028,35.6512504652508,48.0630562942028,30.6451266629563,-30.721111,25.096667
"15","Concordia, Northern Cape",28.0735287372365,30.9859852415895,30.57896454699,54.7243964645601,27.901576843857,36.2169411077003,33.3600935978949,17.9538173968318,43.6309443986037,74.9572562630801,24.2091718884751,0,5.30168812652984,2.97619047619048,89.53,57.2928490351873,2.45185049150844,1.02810606555936,5.30601131202808,1.37903819558053,13.0945025822079,13.0945025822079,12.3990232480301,2.15014255299898,5.17692641242069,17.4804853320668,33.5240274599542,3.08715646406396,3.08715646406396,46.429337574252,29.0716218361025,22.1709876386937,7.01344281516637,31.8528034160162,22.3585728908741,36.3957905918232,0.68930372591104,68.0232874789166,94.92,16.5333634851632,99.1991985397845,68.3189458875127,96.9647919191782,30.7168111675657,49.5832140757776,7.75813319645262,46.429337574252,29.352719479932,46.429337574252,31.402644738822,-29.5385362,17.9462783
"16","Danielskuil, Northern Cape",33.7885854541569,36.3612864620574,45.0441114507597,69.9048682265079,17.1944019099403,49.0660609114354,12.8205562201263,5.71335066177442,17.5586932590275,72.4290308295443,35.4039380228902,45.9183673469388,5.83427424072603,8.92857142857143,95.32,63.8449612403101,6.32849257972719,7.11950355030457,8.73872921395068,3.92755687612654,10.1287708497549,10.1287708497549,18.951662822487,5.86159551637533,4.58829220389362,15.582338367272,63.5011441647597,9.74951075591585,9.74951075591585,45.2566767320958,10.9436945997247,16.5676002770389,14.5259033300668,32.2890482935527,21.315080331424,40.8793261614415,2.29323515846802,68.8400980288829,91.99,19.4366900379478,92.6644838877475,69.9730077205053,92.4488990139339,23.3045708371416,53.9164844262173,11.2896092519712,45.2566767320958,29.5035548384434,45.2566767320958,34.5490292349389,-28.1865035,23.5521984
"17","De Aar, Northern Cape",32.3808429184105,38.5031581327099,34.4930883254535,21.5406860313913,31.632920909023,47.645814924633,12.4564385042939,14.3201943470681,11.2139346091111,85.599538020106,43.4167238209264,91.8367346938776,7.49544743701398,8.92857142857143,94.99,53.0466970387244,7.58301381233764,6.71269155221388,9.25545331603457,6.98142587965777,19.700253183012,19.700253183012,20.9586187592071,12.9271501647727,9.13274531337441,11.0625183133686,60.6407322654462,18.7808615155661,18.7808615155661,45.8952837119271,12.6923520413486,20.0949984317316,14.1526465067585,32.254192533603,20.6632695988308,47.9631971110932,1.8702432971695,68.5873928070068,93.48,14.9583724749272,97.1297133126804,69.6668262644524,86.6340800093705,22.4186407113522,64.5081309205162,16.7556868175307,45.8952837119271,34.5608194831331,45.8952837119271,32.9720980840803,-30.6505556,24.0075
"18","Delpoortshoop, Northern Cape",35.370615219044,39.5766014315331,50.9926734754649,76.6494763027299,31.1988262238763,24.0161334575317,12.8548499375081,14.4712412911996,11.7772557017137,77.9761655537594,25.4180639375931,0,6.39010737848706,8.92857142857143,93.01,59.6952908587258,3.32204443917595,3.07397825009723,5.20513545728309,2.09577581740464,10.2134265543199,10.2134265543199,22.2106616099276,4.4597784389189,7.22976576072407,25.212355594567,68.3066361556064,28.621842375235,28.621842375235,42.7126232286868,11.2444843398443,14.6807718353894,12.131792755126,24.3044689519454,26.1784600007157,35.4282618014,2.16297810840042,47.7628864957547,91.01,16.2727064580799,95.4024709792473,68.2645293955314,97.1643654862272,24.112732578276,51.6971147456762,16.0919937446646,42.7126232286868,30.6339470228723,42.7126232286868,35.7126783491993,NA,NA
"19","Dibeng, Northern Cape",33.68479158672,31.9746840563423,44.529619737345,65.5101168691426,8.0462565569861,67.1172863601686,11.3229871615611,20.0901876128919,5.47818686067386,68.9858717659418,25.2298109325678,0,1.68481271503127,2.97619047619048,98.69,62.1708601521358,2.69306099933064,2.02621998279487,4.41374310809711,1.9026801801576,8.76288320640951,8.76288320640951,14.7720108730541,3.38298291017161,3.48275365662912,17.108360270218,46.4530892448513,17.7613725359372,17.7613725359372,42.450911410167,8.2753373420699,15.5021722110044,4.0943888732489,18.9541311831344,18.2040866283494,32.7297187745145,0.735217920007185,70.1878873243864,90.76,21.6343546115754,92.9428463676795,70.352564778475,95.7143349724656,22.5038893741405,47.1078413492548,10.9973319036829,42.450911410167,26.8696875423594,42.450911410167,32.1414740025263,-27.59311635,22.8860821884215
"20","Douglas, Northern Cape",31.5047290657635,39.9976078611673,52.9937128152784,63.7871247949764,17.3856446692452,31.1428840657566,21.663177117899,13.3704866858412,27.1916374059375,83.3971045476485,33.829772423068,45.9183673469388,6.58420983346551,5.95238095238095,92.14,55.030652722683,12.2794551747614,13.5277294538833,18.9293769140052,6.35580816098711,12.7334749147838,12.7334749147838,20.6146168479085,8.65660841004923,6.60243548832526,11.992298712347,68.1922196796339,45.3072323077253,45.3072323077253,45.7193648874152,15.0164791617816,18.5178873316137,20.6972155106108,31.3313400329621,24.3314067803171,39.1564572841749,2.28988293247743,68.0706210705118,93.49,27.635625222741,79.1164870091528,68.318764259764,95.4571314210835,26.5839530918313,58.6134384853582,22.7336948112948,45.7193648874152,35.9770287961614,45.7193648874152,33.1262694071283,-29.054997,23.776591
"21","Dyasonsklip, Northern Cape",35.6165254835299,35.6056167511209,50.919470604461,33.5389774940035,40.2629693321869,35.5426632315435,31.7382267277426,31.038258932224,32.2048719247551,81.4722461939089,23.3413931170722,0,0,0,93.97,57.6710334788937,22.479686920879,25.1773007236929,45.4010168102505,3.26547915173995,17.2339627437273,17.2339627437273,11.6020095432055,0.250016575930114,7.77473700039866,14.2795535071407,31.6933638443936,13.340310737244,13.340310737244,45.5283323512769,19.5544284069425,16.8943191281223,5.75808011374865,14.7593252914187,29.4496766825215,26.5481216286342,0.543709010083665,78.0651026414438,93.1,46.8361871774221,82.5672164050063,71.6069615783042,99.8539305476259,33.6773761056363,52.4068196554905,16.1639924862639,45.5283323512769,34.0827294157969,45.5283323512769,40.8007617738609,-28.6138162,21.0993386
"22","Eksteenfontein, Northern Cape",29.6508049259349,30.616209425167,27.2587331836669,50.8584242594828,49.9370670375825,26.9330668652561,5.14222501517303,5.09217010403358,5.17559495593267,58.0374690115523,31.0692847839584,0,25.4277118991643,2.97619047619048,94.62,57.6848874598071,0.172158295538261,0.0856393092713839,0.244347305911481,0.182905777458504,4.9572426875803,4.9572426875803,5.98653159343086,0.224152792213206,0.173540171787314,7.02490570650821,22.3112128146453,24.0296703497213,24.0296703497213,44.2509943143847,26.2803676454472,19.2059235895076,0.310080376948295,25.6338184108527,20.3090273189205,18.3835683955906,0.0457333097012177,75.2797255521514,93.91,15.5749107740989,99.921729734373,71.0210805728435,99.8722522783254,17.3965149705539,44.5533768977554,8.78640073156768,44.2509943143847,23.578764199959,44.2509943143847,26.0179354134153,-28.824047,17.254935
"23","Fraserburg, Northern Cape",18.7740137853798,21.3892417638314,23.873885452296,30.4016839394037,17.8069783625397,29.0500282302129,8.53171115664426,4.28218086612835,11.3647313503215,54.9002323747554,30.9821840522325,0,21.8263621452054,5.95238095238095,92.31,66.6169154228856,1.97640318592013,1.97819973198913,2.49446651960901,1.58650827610171,6.23343036308613,6.23343036308613,11.1993702272767,1.30569001464192,0.60110006130538,7.94215801330919,45.1945080091533,13.1607707381776,13.1607707381776,47.2135564286337,23.7053547893095,20.2823376983678,4.87600574349372,31.4824979297493,18.4992114141638,32.5424052537034,0.278444814395628,78.5466154409111,95.4,32.7267535802084,99.7020779872146,69.585171545749,99.5988289555407,13.652862471012,42.941208213494,8.14249362861514,47.2135564286337,21.5788547710404,47.2135564286337,25.6554897789499,-31.91556,21.513568
"24","Ganspan, Northern Cape",37.2879102132567,38.8800565373839,65.2692709891751,66.7454045982275,17.4326173011993,49.3230109035752,13.7739179698226,24.8764876550591,6.37220484633164,75.4586044657406,21.3463931170722,0,0,2.97619047619048,80.67,57.6710334788937,6.82285381243145,6.48158011536199,12.7933542113316,2.60093378605844,16.1768302686407,16.1768302686407,22.0016734049155,1.51647985193473,12.8985984165868,13.9006237636715,74.4851258581236,4.51264349177074,4.51264349177074,40.523010978144,2.98731167188192,15.6473558619436,3.45674423321216,16.7031867544879,32.3310695821758,19.0526120855056,0.616172162289276,48.8837089795064,90.29,49.5714427751005,86.3923456163744,56.7132201246105,99.9001688071117,25.5309140915396,48.4024987914064,12.3785002444396,40.523010978144,28.7706377091285,40.523010978144,37.5330013814546,-27.97111945,24.771866021113
"25","Garies, Northern Cape",30.8645370613116,33.5585826556161,36.0584864603501,39.6868367039976,50.552576533587,37.3663808114981,6.52769644712254,3.07191722627462,8.83154926102116,76.3561967921453,47.9974223894761,45.9183673469388,50.2514401427665,2.97619047619048,85.8,68.4871918801353,0.706213145448951,0.419875782477473,0.87295154331388,0.795912369278863,6.3622087129164,6.3622087129164,11.9641962881457,0.907387745401535,0.944529760468206,6.58543927803361,50.4576659038902,15.0405428441834,15.0405428441834,47.7714724473583,24.913765187019,21.8028029739874,3.38476355136101,29.6530666293925,17.3329416883586,40.3493258362341,0.330015493878933,68.7558429732223,95.42,46.1268640754033,99.7479501217201,70.4664739898166,99.6698671214878,18.6961167542171,62.1768095908107,8.51829024767361,47.7714724473583,29.7970721975671,47.7714724473583,28.2656466501653,-30.5607381,17.9888000959921
"26","Griekwastad, Northern Cape",23.0926775037915,25.0867449936251,40.5434588066204,42.7667290952847,6.83422721351978,33.7586298713767,13.938999160948,13.3704866858412,14.3180074776859,75.7377359833013,27.9502040676875,0,14.3990154500557,8.92857142857143,92.5,61.0684089162183,2.15673000001396,1.89697069863191,2.26989973452459,2.26667217516752,7.02063917239601,7.02063917239601,16.2013277808935,2.77087336220478,2.55997971881122,8.70829978637589,64.3020594965675,18.9844334404186,18.9844334404186,44.0793690261684,18.7704651725005,19.3345186430212,7.433154932357,28.5037421285437,26.2319471746809,23.7916192537608,0.82237897578667,59.7405022414215,93.49,17.1112633387545,96.5166994038071,70.363558963637,98.545883914686,18.5158383323698,51.8439700254944,11.0907825984305,44.0793690261684,27.1501969854316,44.0793690261684,31.3252307137293,-28.8482043,23.2528532
"27","Groblershoop, Northern Cape",28.7600134081027,35.4484474577586,42.9802773983179,30.4016839394037,30.4360302447147,53.3094339441029,9.55078364222198,6.21746983781334,11.7729928451611,83.2771256488795,36.9777248765273,45.9183673469388,10.7107413427018,5.95238095238095,86.76,73.1439393939394,10.2035055605534,13.9527072209674,15.7191753357103,3.25485198387518,7.73905087876424,7.73905087876424,13.298726386452,2.12858939990156,2.80686816354425,11.9508574864047,47.1395881006865,6.79848803873741,6.79848803873741,45.2167704602485,23.5652088781932,16.5396605997586,5.97986871285882,25.4963410508774,21.1754038424068,34.0180791579881,0.687784952575442,71.9607435955158,95.19,18.3798133199594,93.0272330224326,72.601363011055,98.4028542450682,19.1553985251623,60.1274252627034,9.50994271612675,45.2167704602485,29.5975888346642,45.2167704602485,32.0709284595634,-28.8958333,21.9833333
"28","Groot Mier, Northern Cape",28.0029360850719,15.5642860058212,21.8527471571188,24.3795262430008,55.1572832319493,51.5001650577209,5.01671286650458,1.74081603111567,7.20064409009718,41.3051615144473,30.1699931877313,0,17.2992719418649,0,91.54,71.0264900662252,0.0911328886861344,0.0556476549457317,0.136330371596409,0.08384870180873,5.0550862302612,5.0550862302612,0.828201580516327,0.215531530974236,0.21781571488523,0.744991610451471,2.74599542334096,2.47141112570034,2.47141112570034,40.6950755492339,27.0082178614511,19.2809894554653,3.16727501456876,22.7970997643959,18.3472638818685,31.3979459124203,0.310399726567886,9.65276473843971,95.71,28.3937865249316,99.6176711228451,70.6074332780545,98.7826984302292,16.5098244757882,35.7375773510893,2.111457956291,40.6950755492339,18.1196199277229,40.6950755492339,25.7077808402405,-26.74053335,20.3269367861144
"29","Grootdrink, Northern Cape",25.8389660170145,35.9350773014039,40.1786179258382,26.3319001605891,29.6203567337588,44.0852736865149,8.36866159532446,6.21746983781334,9.80278943366521,83.154941962012,27.3748472189563,0,4.99902086486406,2.97619047619048,92.36,76.1726857617269,4.98856925428036,6.00353605135665,9.42566977836841,0.899518763407095,6.56312122774846,6.56312122774846,10.8076806671774,1.14016179885371,0.983818924246416,8.6327526173694,42.2196796338673,9.36388405009389,9.36388405009389,44.6369227070187,25.7221683561187,19.73915888026,1.97429422838184,13.418329549046,25.1153842817265,20.6249981669353,0.226984702415279,78.576511354654,95.19,18.3798133199594,93.7664561518136,76.5379632663336,99.144501716931,17.1038138061695,55.2648945904842,7.93081379982502,44.6369227070187,26.7665073988262,44.6369227070187,32.0955901751044,-28.563611,21.748611
"30","Hanover, Northern Cape",23.7716162769221,21.230477220161,41.3333603335908,15.4016839394037,25.7031709401478,48.5598215619577,13.1299883098365,14.3201943470681,12.3365176183487,83.2251866871284,27.5568089728433,0,22.037350312609,2.97619047619048,69.42,66.2491052254832,2.5327776723775,1.96811936661038,2.38398361374427,3.06786694567777,6.57727942687495,6.57727942687495,15.2872613142466,0.517275674338167,1.5179296153516,8.16610733235064,65.2173913043478,5.00349385436343,5.00349385436343,45.6628291307325,12.8233260100178,21.4853682107882,5.54009170888466,27.6701585656489,20.1319285117684,32.7470933362978,0.732111790753131,67.139531804881,93.48,34.3395831153839,99.7026699354192,69.8683191393418,99.4651670949763,18.4508022933793,55.3909978299858,7.35020306696563,45.6628291307325,27.0640010634436,45.6628291307325,29.0072471412236,-31.0675,24.443611
"31","Hartswater, Northern Cape",34.2197346639697,39.4357423252778,65.0514410306475,56.1540651895685,17.371852146001,43.3617532715088,16.5149665987038,19.8764876550591,14.2739525611336,80.8877576936199,34.2331049349783,45.9183673469388,4.02368696748068,6.92857142857143,98.35,56.6305818673884,12.619079888661,19.8295762726488,16.5727471871338,4.24595712681551,20.1874864510929,20.1874864510929,20.133073864038,4.51107494329077,9.2192097879125,8.66948455748116,71.4004576659039,31.8789358988821,31.8789358988821,40.9903922120007,4.26414831051296,16.2000073678891,14.6685366835666,32.3948650678575,27.4241764341244,34.2149922223121,2.69495435587872,29.083969520389,91.29,42.5520648889896,79.174404815685,55.509805412128,99.4030319972781,25.3673506313368,57.5604313142991,21.2046440256685,40.9903922120007,34.7108086571015,40.9903922120007,39.9846397870398,-27.7516667,24.81
"32","Hondeklip Bay, Northern Cape",28.2054551362246,18.2691291969225,31.3158827917815,38.1467021051881,53.7234095738033,23.7883749471332,5.47471830741013,3.07191722627462,7.07658569483381,66.0120150271382,30.8584645707491,0,24.4859447917878,2.97619047619048,86.38,66.4029535864979,1.18505431619585,1.27810594477859,1.37516044903707,0.972685995127866,9.70644927082103,9.70644927082103,12.6968579592567,0.232774053452175,0.469783023029134,23.0711864470076,39.3592677345538,24.2007805765418,24.2007805765418,44.6204212279662,23.7158793723801,17.9563374003916,1.11270191100863,32.9483527131783,22.1358725386178,35.5608280132085,0.108488780618215,43.6469004797873,95.42,32.3159260302124,99.9130152897245,70.1224072428455,98.3587455707218,16.8400867218173,48.4352397989437,11.9472855307038,44.6204212279662,25.7408706838216,44.6204212279662,28.5422844975874,-30.3155556,17.2736111
"33","Hopetown, Northern Cape",40.1070108168695,39.4587145200471,49.3823024658338,62.2382918674301,54.5095817630536,45.8731706507067,11.9317819000742,5.95030555538073,15.9194327965365,85.0638994136057,34.7698145360133,45.9183673469388,6.44366968204943,5.95238095238095,89.45,64.268680445151,5.74068766575478,5.86320191290169,7.93311626223347,4.00448053303558,11.0291169383463,11.0291169383463,18.5514712306517,4.42270701559133,4.64577235645215,9.1317537999988,70.0228832951945,25.1587463685465,25.1587463685465,45.2326608743071,21.2170475258306,18.4693891790572,13.1453914205388,34.5616308261399,22.4754355287268,31.181461535117,1.52199603533588,63.1968121192902,94.75,22.9531641420537,89.0075432977065,67.9274778539918,98.4309800602336,26.0193963584718,59.9168569748095,15.1200055508248,45.2326608743071,33.6854196280354,45.2326608743071,33.5311351453594,-29.623959,24.0830094
"34","Hotazel, Northern Cape",40.8546156628897,25.8391103505243,39.5576568919857,89.3054436484827,17.2059626142721,77.6053535462776,16.4685867713067,16.3442233984304,16.5514956865576,73.5897124766761,26.6647143432641,0,15.0596926965438,5.95238095238095,88.61,55.0671229270861,13.5551530448739,5.68998941638618,35.9259247524737,2.67594698553987,11.4440350210412,11.4440350210412,15.3056831184986,0.756946736781518,2.06001704699674,26.3075465758643,45.9954233409611,8.81683428064879,8.81683428064879,44.3279177427494,3.27812821116352,12.3621482689265,2.90857784550401,10.5680634228491,13.9368694620045,56.3439768788466,0.224736357891585,78.7622213664232,90.9,30.9181422703517,96.5577629892985,71.8364351466452,96.885113496203,28.6616012170982,50.1272134099701,12.2804263662656,44.3279177427494,30.3564136644446,44.3279177427494,32.7922375736745,-27.199804,22.95703
"35","Jan Kempdorp, Northern Cape",34.2197346639697,39.3549999088018,65.0514410306475,56.1540651895685,17.371852146001,43.3617532715088,18.7549665987038,24.8764876550591,14.6739525611336,84.6377576936199,25.0494314655906,0,4.02368696748068,8.92857142857143,98.35,56.6305818673884,22.4624457409335,26.0024599139742,36.4283710984844,9.3329910929897,20.494304235471,20.494304235471,26.2036211441321,9.91574361400071,15.8684646680699,16.9413356316507,75.4004576659039,36.0023566633526,36.0023566633526,44.2828612277561,4.26414831051296,16.2000073678891,14.6685366835666,31.9893892041711,29.4189528981716,34.2149922223121,2.69495435587872,63.9291496299578,90.29,49.5714427751005,79.174404815685,55.509805412128,99.3472379391675,26.4873506313368,54.8435945796052,26.2906819459723,44.2828612277561,35.8738757189714,44.2828612277561,39.9846397870398,-27.9207036,24.8358954
"36","Kakamas, Northern Cape",27.6186451578252,35.32336782143,41.37848869361,25.387263117355,41.7743967753395,39.4041029370956,24.1119886165003,31.038258932224,19.4944750726846,84.9927024965081,38.841884744548,45.9183673469388,13.8614217292855,8.92857142857143,84.28,81.7503110742431,27.6284148823239,33.3871690784839,46.2238303796549,9.36278761220573,13.0074061862964,13.0074061862964,10.4121009652677,4.11191054792648,3.87124612915378,15.7150604285669,24.370709382151,33.9840104214412,33.9840104214412,48.9863085876411,21.7151922768735,19.4201813035823,14.4285719159862,33.2056856031232,20.7400631757299,37.2314992069353,1.12828937465873,78.0271328341031,93.1,47.8584469420964,96.038450139172,70.9820520244549,97.5976611962123,25.8653168871628,61.917293620528,21.2579831138323,48.9863085876411,36.3468645405077,48.9863085876411,36.232775373316,-28.773056,20.615
"37","Kalksloot, Northern Cape",29.2053818995308,34.7448722270585,50.0984279200696,32.9105789757983,31.1336662324504,42.5123151591146,35.1184279024614,35.0362827347049,35.1731913476323,80.8710254828302,23.6331325880701,0,4.80465486466767,0,99.27,44.7066535562111,20.2497378943734,20.0100468114572,38.690012216762,6.59930046476922,20.8491609968478,20.8491609968478,15.1950061944993,1.1862855464822,16.2304623387965,19.1862935839376,30.6636155606407,2.82206135158728,2.82206135158728,43.2101670901247,19.8273899870544,19.6960177009539,9.93927107083391,18.5050911216374,29.5643382984231,37.1460327698363,1.11322755755893,73.2383213581544,93.83,24.7428587939522,65.0470148822066,62.0824322175653,98.5390257653688,32.1619049009961,52.2520790354501,14.7789916093269,43.2101670901247,33.0643251819244,43.2101670901247,42.9718842042417,-28.5517946,21.1519698
"38","Kamieskroon, Northern Cape",30.0310810402734,29.5890204209329,41.4359813436458,40.2587087154631,50.0334672021419,24.569663920155,2.70526002320832,3.07191722627462,2.4608218878308,72.7299331978868,34.1457193331448,0,29.6134606664399,5.95238095238095,98.04,66.4029535864979,0.694371190945775,0.551803253353504,0.889966001693774,0.654601036078979,7.16680618598286,7.16680618598286,10.5109879156215,0.384939314319986,0.619951621903896,7.56934230420626,43.4782608695652,21.6353845651853,21.6353845651853,43.459749288591,24.5974864926888,23.9651659874142,1.25173325283995,13.1875370323354,20.5246830760751,32.6378985332198,0.122044379465717,53.0726937804493,95.42,22.7817890413118,99.9453918941878,70.9462744370387,98.4023450672664,16.3681705317409,53.4378262655158,10.0018874644339,43.459749288591,26.6026280872302,43.459749288591,28.0000567565583,-30.2096443,17.9345442
"39","Kanoneiland, Northern Cape",33.2219295889758,35.9360032395883,49.5421667614592,34.7716863315076,54.4088622819966,36.5159100932209,16.8657428955842,31.038258932224,7.41739887115775,80.9916022034756,29.254557243231,0,11.7480321524349,2.97619047619048,97.6,69.9660633484163,17.2979685063409,20.2021240796113,33.6479691916833,2.8573513123814,11.9939445249043,11.9939445249043,10.7091584851471,0.970322952446012,3.61177317539126,12.8053713461077,33.8672768878719,12.091960516025,12.091960516025,48.1434930195244,21.0638274105764,14.3304192070025,5.0362880355207,33.278322318534,26.9768736321305,29.3301708613417,0.397225631853826,82.4219235684103,93.1,31.0015920470598,93.0630244513805,82.8724911045928,99.4330994184583,25.04383624228,55.1230797233533,13.0232580081043,48.1434930195244,31.0633913245792,48.1434930195244,38.6656705044617,-28.6294444,21.1136111
"40","Kathu, Northern Cape",38.5075342347804,43.9005789911549,43.7372037914884,88.310426342627,17.4138251865858,57.4349544709341,43.7800885537101,20.0901876128919,59.5733558475889,78.3588964052223,31.7384610878406,45.9183673469388,6.89265518031213,8.92857142857143,79.12,53.4916864608076,22.4854550474342,22.0105523944686,23.9872177021807,21.7153100460984,17.0156499274122,17.0156499274122,21.0207568171633,4.96153584302692,5.74835749423167,38.5812781760387,50.4576659038902,56.7560153511608,56.7560153511608,48.8896641007829,4.95334993195684,9.34923432847425,13.0957236565535,31.4312206893788,10.3091216143287,68.8484544663879,2.35201964110379,87.8663556293716,90.76,75.6680850300713,75.5332926547568,71.0672756558202,93.7145763931038,41.1438113942452,55.0486787465315,29.3194692857926,48.8896641007829,41.8373198088564,48.8896641007829,35.774769977017,-27.695833,23.05
"41","Keimoes, Northern Cape",32.9544571341868,35.6604572532226,49.3172754889547,35.5571265924764,54.4110987556618,33.9823797784548,30.7392342015417,31.038258932224,30.5398843810869,84.8556566813574,23.0167712131469,0,8.3501169482573,2.97619047619048,88.07,44.7066535562111,24.3258895621577,28.2335256664045,41.7024026910626,8.36277763729405,11.4205416022739,11.4205416022739,6.11673120158983,4.09553015157244,3.72449150539918,11.6453855362217,7.20823798627003,15.3080783456802,15.3080783456802,46.9117791942968,25.2923813154525,19.9973036864068,14.1721833839538,23.9551719185937,22.0068659907334,40.4767936943528,1.10824023504538,72.7168330086905,93.1,34.0475088969055,93.2212580940145,66.1660738967136,97.6072312637817,31.8468456678643,53.9362139472522,14.2928101779254,46.9117791942968,33.3586232643473,46.9117791942968,38.0488786302238,-28.708951,20.974871
"42","Kenhardt, Northern Cape",29.7727842519312,31.0566452138411,30.4931642327238,35.0759198506335,41.0547350301864,56.3201361948166,16.3452533570598,31.038258932224,6.5499163069503,79.9231670468431,28.5914325736614,0,13.6538725604765,5.95238095238095,92.92,66.4135514018692,6.53379707405896,8.08804174976044,8.07969676598674,4.20868879833701,7.84556393460027,7.84556393460027,9.43049241619231,2.0872073459545,2.10342840922576,7.34248098823694,33.5240274599542,8.38062894135159,8.38062894135159,46.7238612090458,27.9608926823825,23.5005345449598,5.53759090533163,30.2737670089769,21.5232314523868,30.2411225282071,0.433049299623714,61.1357532228352,93.1,33.0252491322313,98.9076828024245,75.4383620094048,98.7805719165594,23.0590188044955,54.2572998102523,8.04762059155078,46.7238612090458,28.4546464020995,46.7238612090458,30.7284661742593,-29.349254,21.155953
"43","Kimberley, Northern Cape",49.9271194801269,35.565622473112,49.5185473789342,73.0817068931524,93.3042364193632,44.9748089455798,91.829732408396,97.8906923614302,87.7890924397065,89.1840795436494,43.2071793927794,91.8367346938776,2.4077582895791,95.2380952380952,93.14,63.6751124792801,76.2068569160957,68.2007043391741,82.8854621027336,77.2025174588084,82.1985797710137,82.1985797710137,85.84671092787,97.0560037130084,81.3639003469666,79.2238358491585,82.3798627002288,97.0824206835254,97.0824206835254,47.2135461986391,10.3238425942745,16.5818365009153,85.2414946016629,59.0115023682492,64.3402125064979,57.3824249516377,17.0482978370247,73.3606257621775,90.84,35.6682826328983,14.9992098191808,51.1417117335622,1.49268117459012,70.8784259442615,66.1956294682144,85.3336420746262,47.2135461986391,74.1358991623673,47.2135461986391,55.3594251833972,-28.7383012,24.7642251
"44","Klein Mier, Northern Cape",28.0029360850719,15.5642860058212,21.8527471571188,24.3795262430008,55.1572832319493,51.5001650577209,5.01671286650458,1.74081603111567,7.20064409009718,41.3051615144473,30.1699931877313,0,17.2992719418649,0,91.54,71.0264900662252,0.232049449617067,0.250270200264103,0.269274767386675,0.190464898304584,5.32948503012921,5.32948503012921,1.53718999329717,0.193547314814864,0.0919897851461322,4.5116488932034,2.74599542334096,2.47141112570034,2.47141112570034,40.5651101048558,27.0082178614511,19.2809894554653,3.16727501456876,22.7970997643959,17.9325047646703,31.3979459124203,0.310399726567886,8.5466455802113,95.71,28.3937865249316,99.6176711228451,70.6074332780545,98.7826984302292,16.5098244757882,35.7375773510893,2.39253389968595,40.5651101048558,18.2133119088545,40.5651101048558,25.7077808402405,-26.7388549,20.2759398091925
"45","Kleinzee, Northern Cape",34.5168929549624,12.4222152511596,28.0188538392552,65.5278437680361,52.9840402801776,34.7383025164576,10.7446979263898,17.9538173968318,5.93861827942841,65.041794431431,27.0461228940159,0,13.589321878279,5.95238095238095,97.69,51.4705882352941,11.9827969437519,15.8691063267499,11.8451497014185,9.17130033825343,5.90658560182743,5.90658560182743,9.37724276613393,0.838848718551728,0.1477248101378,15.0859874049122,30.3203661327231,39.7642668715013,39.7642668715013,45.9356514618061,18.7588546934582,13.4933872197056,1.26945996895129,13.1793410852713,10.3212329607653,61.8639397010109,0.124766610501341,87.380593648771,94.92,16.4265112925883,99.9987596769235,70.8753040185975,98.8158550671052,22.6307954406761,46.0439586627235,16.7577230458036,45.9356514618061,28.4774923830677,45.9356514618061,30.0779976436994,-29.6777778,17.0708333
"46","Komaggas, Northern Cape",29.4442119422377,16.294551256135,33.6934052434233,58.4698744469642,36.1560679843407,25.2022827152804,11.4215831283363,17.9538173968318,7.06676028267257,66.0112626201955,24.7308616683176,0,8.48678445928461,2.97619047619048,92.46,51.4705882352941,0.738853292743461,0.493512192414809,1.3349677530949,0.475773272726367,5.45229308245364,5.45229308245364,8.90169832235299,1.34319250103144,2.08948709857204,10.9841861711698,28.3752860411899,4.06198180056039,4.06198180056039,42.5826408836355,28.4856900335622,19.9563290370088,3.28048967138114,13.6225369414019,23.7631032341409,28.9426681728358,0.322417080076198,47.5431214253085,94.92,16.4265112925883,99.2503223568073,70.047815853173,98.1039077025179,20.432897535287,45.3710621442565,4.78870662452762,42.5826408836355,23.5308887680237,42.5826408836355,29.6731879895641,-29.8002778,17.4825
"47","Kuruman, Northern Cape",35.5604000563282,34.5981390224211,47.6772594179879,74.6851198708154,18.0046727302691,49.9132643500918,54.8159380746791,27.5679553908025,72.9812598639301,77.858453136442,40.7322870118859,91.8367346938776,4.05067325957431,20.8333333333333,77.03,60,17.4116726405269,16.4838050517662,24.917046640795,12.4785428318963,28.0436537575335,28.0436537575335,27.7119718998395,5.62839039986121,26.3671920638197,37.5916574283901,52.974828375286,52.509463987728,52.509463987728,43.2169892921116,3.22103025146051,19.1197960933798,23.0068108938374,37.7910623334057,31.9697197831895,43.6327760592429,4.43616587960464,63.0073261855367,89.84,86.2870691161773,66.1668631381494,23.8782642193214,76.5060700123642,45.1881690655037,59.2953700741639,31.419190571407,43.2169892921116,45.3009099036915,43.2169892921116,41.4663449110874,-27.4504907,23.4310734915766
"48","Leerkrans, Northern Cape",24.6996153003131,35.9759665729348,37.4749631042135,26.9000938632095,29.7817062696822,39.1217510192801,18.0536322850875,35.0362827347049,6.7318653186759,79.411441794154,28.5788493735451,0,9.5606725868152,2.97619047619048,97.47,69.9660633484163,8.76478614536678,8.61242943045646,13.1307658999069,5.60456886564439,9.49786811637571,9.49786811637571,10.3903887712287,0.596160214674738,1.0007880549469,12.5999997125805,36.9565217391304,8.20951871453105,8.20951871453105,44.1385929046217,23.6597447266184,14.4846601754453,1.88946281353248,13.3850063721735,23.8093767502252,26.9256238011825,0.213923868436002,66.9607665932626,93.83,21.1336559513268,97.7898670972305,78.8003700408058,99.265796741826,21.3766237927003,53.9951455838496,9.21564043687556,44.1385929046217,28.1958032711418,44.1385929046217,34.565543367436,-28.40698735,21.5251075116277
"49","Lime Acres, Northern Cape",34.1769020589071,35.7545589608757,42.0082428783483,76.1405546677802,16.0072997680447,48.9712173071495,20.9382121713445,5.71335066177442,31.0881198443912,71.3786352257894,25.5994971691546,0,11.9985573389886,5.95238095238095,94.74,47.9579458147998,5.97553247756971,7.23035130224992,8.96745203456514,2.79047869131298,9.22539964803323,9.22539964803323,20.0893508402032,1.90012597706887,1.89596565174592,32.7388867806773,62.0137299771167,7.95285337430025,7.95285337430025,48.0932299378281,6.85494918987198,12.7926374720981,4.07375540217119,14.2024546505502,11.1751251666262,58.3010033304165,0.643211250869668,83.8152528538745,91.99,74.3964376791533,99.3776847946778,70.4468675700709,97.552194944361,27.5575571151258,48.489066197472,10.8107840850266,48.0932299378281,28.9524691325415,48.0932299378281,33.2526004042917,-28.363628,23.47036
"50","Loeriesfontein, Northern Cape",28.84032836884,21.024069632231,30.2355187490649,30.3652998966838,38.8096926314958,59.7215074226072,9.91132877903973,7.3040637921594,11.64950543696,69.8700207319142,28.735291144537,0,14.4559878143937,5.95238095238095,91,67.6883780332056,2.0350697232071,2.25431515210272,2.35013165272963,1.63433920439348,6.4540896421926,6.4540896421926,12.4354751581961,1.18283704198661,0.30942951275283,7.99389586733806,51.9450800915332,34.8901401890191,34.8901401890191,47.8588875413942,25.9067142874489,27.1931909868759,2.72632170813944,31.4148496353639,20.3053871818489,29.6795320284124,0.126106539193782,87.1666470661234,95.45,25.3478696750859,99.5885852663834,69.7400430917638,98.5662158104229,19.3758285739399,49.3026559382256,13.9536936781537,47.8588875413942,27.5440593967731,47.8588875413942,28.0076884042647,-30.955278,19.443611
"51","Longlands, Northern Cape",35.5141741561513,42.7648725132451,49.7887330002959,77.883845706524,31.0146015764908,25.1782539965943,10.3989132747486,14.4712412911996,7.68402793044788,78.4198647697512,23.6158459838692,0,0,2.97619047619048,94.48,58.9907192575406,2.78269251022044,2.42746792497287,5.3028732355059,1.15897540519202,12.4502756192112,12.4502756192112,21.7541242244881,0.218548972407876,10.4316613919779,17.852513813848,74.9427917620137,11.9292800614504,11.9292800614504,41.9113414637171,15.9735150770708,17.842697274872,6.89134053811987,24.4035742853273,30.5747131506275,28.9642872402292,1.22865792495814,36.7427854755414,91.01,23.6997365851009,91.9278231293349,65.8549245988464,99.8610413011325,22.9565437154499,51.0178553768102,12.2290931038425,41.9113414637171,28.7344973987009,41.9113414637171,36.4247241536125,-28.4605556,24.3594444
"52","Louisvale, Northern Cape",23.183978109515,35.333118012165,31.378803390994,32.5589959733254,16.9145802650957,46.7566812242134,19.5055980878607,35.0362827347049,9.15180832329789,80.8025946982129,30.3058958932607,0,16.15444127986,5.95238095238095,98.29,67.4721694270975,16.7883236015065,17.275813915051,34.2110401215858,3.35566847628881,18.6584102821833,18.6584102821833,13.860163328175,0.70565023240965,10.7632305581974,19.832049230708,32.2654462242563,29.1604623724343,29.1604623724343,43.7228301665166,20.5211390025837,20.9455232460474,8.77396127577434,15.505523822307,27.7880914940141,28.6723313970664,0.976704181908857,77.389479155393,93.83,22.3228152694172,77.85129472278,65.2947518534767,99.1309539163913,21.3447880986879,55.5542452957368,19.6168398960748,43.7228301665166,32.1719577634998,43.7228301665166,40.0838685724203,-28.5731016,21.1972682
"53","Loxton, Northern Cape",21.9144020147306,22.8487430719097,28.2785836400921,17.5589959733254,39.7966840280838,31.9169952428691,10.8889492324961,7.13035980640817,13.3946755165547,72.4997804843776,26.5603092111502,0,12.4387678152074,2.97619047619048,87.02,61.2029384756657,1.22131935074745,1.03248070925858,1.10459825172597,1.45048915613021,5.73133319823072,5.73133319823072,10.0666266859612,0.458220034851226,0.0602258709595213,12.255693404042,37.2997711670481,6.6575107102532,6.6575107102532,47.3956079250989,24.2916011428615,19.0507856134764,1.23121592318348,13.2645546892766,22.0450126988047,30.1688960719989,0.180106144389467,95.6131170749528,94.39,41.7691353194317,99.1104448177428,70.1303278265018,99.6217030152796,16.4016756236134,49.5300448477639,5.91919748629815,47.3956079250989,23.9503059858918,47.3956079250989,25.9727609326109,-31.4772222,22.3497222
"54","Marchand, Northern Cape",27.5185942628426,35.2769640674646,40.2610737824221,23.6508045703525,54.3738297169291,25.7430176593456,18.1515632980675,31.038258932224,9.56043287529652,78.2264833254337,28.6756748699507,0,8.20503269473499,0,99.07,71.7228464419476,21.482377138274,24.1807613022642,39.2233016865265,6.15289560409189,9.82063035098769,9.82063035098769,8.6608157901506,1.38931624865993,2.94002205370073,11.7528632592257,25.0572082379863,18.6422129867775,18.6422129867775,47.876152217341,16.1633729872193,15.1181244364866,7.29605190155031,17.1637014217728,23.5314644969378,27.5840670924602,0.570538643344259,93.7828573287223,93.1,46.8361871774221,97.1647905276742,76.6073399264734,99.1883071637899,22.835078780455,53.4510790976922,14.6515090665474,47.876152217341,30.3125556482316,47.876152217341,35.5698294149502,-28.7311111,20.5036111
"55","Marydale, Northern Cape",28.286879858825,25.1965188712992,35.1407248909624,34.6155527511546,16.2724153955497,73.8742750086107,11.3958053690446,6.93116664883474,14.3722311825178,80.4649218738854,29.1447743759625,0,20.156113090801,5.95238095238095,87.12,62.8980156898939,1.21873128781288,1.3010943961345,1.4493045054505,0.984029043343435,6.61017569499899,6.61017569499899,11.1441854563752,1.13110947455279,0.923951175630291,8.01591067731071,44.6224256292906,1.14593556331697,1.14593556331697,43.4522975208722,25.8477489199896,20.1859726418584,2.80087684650782,13.4600225298158,23.822222617353,25.2291772494223,0.323572740541952,58.6570018692761,94.45,25.8614532894956,98.6548536542625,69.2210943005109,99.1827824798793,19.8413426139348,54.8048481249239,5.02975700062601,43.4522975208722,26.5586492464949,43.4522975208722,29.7694805127683,-29.4058998,22.1050949
"56","N, Northern Cape",33.7415779776896,35.0307886383473,45.4698869718443,34.3818644626091,54.6166505670639,45.6526505159075,22.9137475612506,35.0362827347049,14.8320574456144,67.0305089937942,23.7483041329739,0,0,5.95238095238095,97.75,56.6037735849057,12.0279015144195,13.403334170333,24.0066258282016,2.01228378714786,14.1071400795911,14.1071400795911,3.01645860376811,0.862126123896945,4.08656200633143,7.65926082349798,0,4.2415217996268,4.2415217996268,43.7967464330033,20.0396823742621,13.3329461496813,3.0241818302987,14.0394636531079,27.2731840428372,26.1334882373652,0.247595245228544,81.8669173644057,93.83,0,92.3976773142135,79.4592267948328,98.938245469018,28.3276627694701,45.3894065633841,8.34825549935139,43.7967464330033,27.3551082774019,43.7967464330033,39.4652679933999,-29.573402,21.2051361
"57","Nababeep, Northern Cape",28.9044096965567,29.2948905346335,31.5575075294344,48.2482314748393,35.9053352962339,38.4146322430348,13.5168591027882,17.9538173968318,10.5588869067591,69.1190255830138,21.5540687612842,0,4.92088209436748,2.97619047619048,73.28,56.6037735849057,3.93685032019253,2.1987458432349,6.66158815063863,3.19687530507617,14.043245089809,14.043245089809,11.6960217333139,2.31653289491109,6.31181725082656,11.3270571321734,34.2105263157895,1.90170439242165,1.90170439242165,46.2780692475548,27.2910062795934,17.8936132943011,8.37827571389273,28.8177652963066,22.3564099331372,38.0139923566113,0.823443895026212,70.8044137191663,94.92,19.0442437411122,98.4905790627292,68.2362085551258,96.7299101390665,21.2106343996725,45.336547172149,7.89445538393425,46.2780692475548,24.8138789852519,46.2780692475548,30.9759745821372,-29.5886111,17.7880556
"58","Niekerkshoop, Northern Cape",29.8253725957147,24.2801691949344,39.7637529180934,41.4802023702656,15.9891632204616,69.1916592930036,12.3855644409028,6.93116664883474,16.0218296356149,70.963901933487,28.7591950130027,0,7.6474321501246,2.97619047619048,97.98,74.4848484848485,0.497191591484377,0.334837852658214,0.539010510611959,0.587592706258312,5.9398111699893,5.9398111699893,13.2634522593279,0.745308034108909,0.759679920936914,8.22453908947121,55.8352402745995,9.88564450280137,9.88564450280137,44.0004233488684,27.2128950491304,15.5042739118126,1.91107947309504,13.361496806759,24.4209769431982,20.0151021164172,0.220772172873873,69.6097818124803,94.45,30.3900079511144,99.4900558638277,69.7387068989839,99.4615209251948,21.1054685183087,49.8615484732449,7.39652488090074,44.0004233488684,26.1211806241514,44.0004233488684,28.5945474287018,-29.329167,22.838333
"59","Nieuwoudtville, Northern Cape",36.4246136979446,32.6024450329556,57.988889617937,43.7094858248153,53.6618979556389,35.6837267884424,10.9422090619782,7.3040637921594,13.3676392418575,72.5018115086178,32.3898413951683,0,25.2697758004117,5.95238095238095,93.12,68.3044703987112,1.62532633066832,1.54359198148022,2.42981267902567,1.0832623312914,6.50848903265627,6.50848903265627,14.4679872933873,0.902214988658153,0.169793496035664,10.777690330285,59.954233409611,9.08192939312547,9.08192939312547,49.0614849196769,23.2331693197034,20.2037712896812,2.81097589078994,31.5507330553187,17.9496683976686,37.5127482255846,0.130022234831051,90.2578860935067,95.45,44.4370060970642,99.855231755456,70.5281608833663,98.9063737941746,23.6834113799614,52.445826451893,7.92093301245935,49.0614849196769,28.0167236147713,49.0614849196769,28.689680009672,-31.375688,19.112587
"60","Norvalspont, Northern Cape",27.4188847702245,40.2140124859615,46.5583322750822,31.6457277366798,14.9548699433823,58.5806585279709,8.96545208587701,9.47441957064906,8.62614042936231,80.6943406660528,30.9058491949843,0,22.0741405468538,2.97619047619048,90.98,66.9424595712674,1.33227113204868,1.35774181115665,2.30576677367082,0.583046391501106,6.68516453051837,6.68516453051837,17.5926791368047,0.51641354821427,1.58297752781653,7.12552188462243,77.6887871853547,8.12396360112079,8.12396360112079,42.5473813198887,6.72560923476112,23.8660215545426,1.54204596312447,13.6648334726049,23.055230328443,32.9691795774194,0.273098151154003,39.3320529297944,91.62,42.2374116591237,99.0660838060602,71.3717468752082,99.7616512089599,18.1921684280507,55.8000949305186,8.43351960012313,42.5473813198887,27.4752609862308,42.5473813198887,28.3471110308573,-30.630683,25.453749
"61","Noupoort, Northern Cape",29.1730668938167,28.2962372818591,42.8269384073252,32.5589959733254,16.0014798344608,72.6372270052958,12.7451737721229,9.47441957064906,14.9256765731055,84.1519490259757,28.1333769573315,0,11.7936890052189,5.95238095238095,93.81,66.1902144035184,5.39692367501624,6.0811751981349,5.62059452066812,4.71598189843835,7.55819553943094,7.55819553943094,17.3080395862993,3.38298291017161,3.63427254992905,8.50859391754686,67.5057208237986,8.46618405476185,8.46618405476185,44.8761900533688,11.7691575533751,20.638719259138,10.5314407346312,13.5908008381398,23.5322961112765,36.5278946605102,1.86513052228637,56.3121298781505,91.62,42.2374116591237,98.8685252566187,70.171818139263,98.4385965675437,20.9591203329698,56.1426629916536,9.68233571387709,44.8761900533688,28.9280396795002,44.8761900533688,28.8424191573559,-31.179983,24.95158
"62","Olifantshoek, Northern Cape",34.2385843057118,39.0337554644204,38.8884920592609,78.5203217367893,15.4833264082988,51.0677084322797,38.9266226115264,17.8629869704896,52.9690463722177,69.6720196186833,30.1780576008261,40.8278515576517,6.89265518031213,7.93874891398784,81.4347593397046,47.5615915933888,19.9927147658941,19.5704598788003,21.327991830071,19.3079481330818,15.1292929067886,15.1292929067886,18.7671466223343,4.41149937598067,5.1110938832291,34.6879202984074,44.8639229244493,50.4640365859061,50.4640365859061,47.9041548572903,4.4042209560075,8.31277707364078,11.6439301391111,27.9467517406692,9.16625113823105,72.3019185933113,2.09127445760696,78.1254807568192,91.7843475238923,67.279511919874,78.2456748070184,74.2747609958005,94.4113792186815,36.5826034586191,49.9250386097547,26.0882977202308,47.9041548572903,37.5319799295348,47.9041548572903,31.8087746259593,-27.94426165,22.7478793634678
"63","Olynvenhoutsdrif, Northern Cape",22.7672691456142,34.4380536052999,36.6251982680093,32.368498814763,17.1757852077001,36.8891512501312,23.3266679523187,31.038258932224,18.1856072990485,78.2333087375656,25.3598999678533,0,0,0,94.86,70.2377458174347,19.8485509776609,18.8965511035378,35.5578185375052,8.78060021336994,22.0006341647498,22.0006341647498,17.4853557785037,0.167683531097956,19.427119495937,21.3068855647809,36.7276887871854,4.50661691210348,4.50661691210348,42.0299104216193,21.7787533597743,19.4930122253743,14.08150221725,21.3274933936186,32.9409067236276,34.6004833160563,1.58720142401975,74.7712720911554,93.1,0,55.4871138491625,63.108703310582,99.902032729356,23.0469685489664,51.7966043527095,15.9602894582545,42.0299104216193,30.2679541199768,42.0299104216193,43.0140308945575,NA,NA
"64","Onseepkans, Northern Cape",23.4326165488355,34.820049115126,23.7737308492175,39.3464092858665,28.7982563962487,33.6595816171264,5.57187557876285,5.06951306241386,5.90678392299552,64.3632846903349,28.14946591798,0,12.6530241029334,2.97619047619048,96.12,62.268803945746,6.03257251383736,7.07690890691434,10.8617410507403,1.6274438163524,5.62707007461234,5.62707007461234,3.97140694739987,0.900921799472308,1.05874691692381,4.78938520931594,12.1281464530893,6.88404315214768,6.88404315214768,46.0411502870589,22.57466920787,24.3397171103189,3.86406347134682,13.6421365580951,22.0752891301153,24.4182566599394,0.557205518319835,63.6239802955922,93.96,52.5709885938113,97.0246205096995,77.2032441269495,98.3550532292159,14.5022460637992,46.2563753041575,5.62877317199931,46.0411502870589,22.1291315133187,46.0411502870589,27.8554659099857,-28.7404196,19.3048747
"65","Orania, Northern Cape",36.0101111366796,38.4494742505719,48.4746176121714,42.6788948206441,54.1214290639374,46.3674855821937,20.7611693274766,5.95030555538073,30.6350785088738,80.9243834614861,27.4702116051719,0,0,0,99.14,80.0264900662252,4.14511792740047,4.97511341831363,7.25070580316263,1.19343040239398,5.78544173693673,5.78544173693673,17.2422261311963,0.603488286727862,0.119731511148198,12.9295046204945,72.1967963386728,39.7642668715013,39.7642668715013,51.0651245644308,3.96520574323943,6.53418025876215,1.36899318560814,31.3887720365327,18.1611508440942,66.5079759708696,0.158593443789769,92.6702584759992,94.75,68.5957530628672,99.9061409453865,74.4857645245956,99.7859037119227,28.3856402320781,54.197297533329,16.7342631667587,51.0651245644308,33.1057336440553,51.0651245644308,29.9320135758711,-29.8188619,24.4124127
"66","Pampierstad, Northern Cape",34.9109958382471,39.5603934650052,68.2767355613169,50.2893035532976,17.228779413451,51.6802142175602,19.5221770435681,24.8764876550591,15.9526366359074,77.5877932180754,23.3266205015889,0,23.2788911752912,2.97619047619048,49.25,55.7347670250896,22.6017139345817,24.9169744470244,39.8456146532501,7.93234301124832,20.6537101661532,20.6537101661532,24.7028356193368,0.97937527674693,23.0194052435123,15.5480439295676,71.9679633867277,4.47289782311998,4.47289782311998,44.5696062196794,4.40297276535116,18.7801279718757,17.907962114041,32.2006385026819,30.4226142583629,40.8818554725004,3.29746152381611,63.3819467825202,90.29,58.0201168764798,83.2480260218607,38.5273556244713,99.9355268703121,27.2165864409076,50.4572068598322,18.1077893857979,44.5696062196794,31.9271942288459,44.5696062196794,41.291885922103,-27.7766667,24.6894444
"67","Pella, Northern Cape",26.9667828039547,40.8344659576784,26.3890382679051,46.5003018832968,33.0190356170279,38.5673843353918,6.58494386581064,5.99124271012547,6.98074463626743,76.0657000885776,33.5742941826423,0,25.4277118991643,3.51731601731602,95.4145454545454,73.5904046631543,7.1294038799896,8.36361961726241,12.8366030599658,1.92334269205284,5.68534798000493,5.68534798000493,4.61765073108601,1.06472576301273,1.05874691692381,5.56978064551069,14.3332639900146,8.13568736162907,8.13568736162907,46.4398607260483,26.6791545183918,24.3397171103189,4.56662046613715,16.0383803917808,22.2060023594209,10.6761215072011,0.658515612559805,75.1919767129727,92.8618181818182,62.1293501563224,97.0246205096995,73.1194056258562,98.0559719981643,16.7758633348827,54.81999713561,6.39202248817741,46.4398607260483,25.9959609862234,46.4398607260483,27.8554659099857,-29.031701,19.153028
"68","Petrusville, Northern Cape",26.4900606207814,36.8958384483708,37.1980506703225,50.3778589265662,16.1288739880612,38.3273593586093,5.10509390238095,3.63645517996614,6.08418638399082,77.909820934597,25.7231253345202,0,7.61221081609984,5.95238095238095,92.17,60.124826629681,2.75352214970391,3.12529427433791,3.70900794078254,1.75807871291944,6.89577007346127,6.89577007346127,17.8438905044125,2.24626961581349,2.57123592038758,8.76664959533525,73.2265446224256,12.9812307391112,12.9812307391112,44.2867911494766,16.7691108183378,18.141404911204,6.83971317734974,25.0852499578263,27.2406601832311,30.9868872827575,0.913694812689861,52.7028339562856,93.64,23.0933283369659,97.9098039605286,71.4843850555397,99.0541187973968,15.7975772615812,51.8164731345586,10.1186033666722,44.2867911494766,25.910884587604,44.2867911494766,30.7905074479851,-30.080711,24.65881
"69","Philandersbron, Northern Cape",26.1118413822286,15.3336666974464,22.6192391420739,26.0453844239047,55.6663937781416,34.9709194226967,9.947287066793,1.74081603111567,15.4182677572445,43.0041915331659,29.5722056442742,0,12.2316467970078,2.97619047619048,97.69,71.0264900662252,0.363421450122197,0.22487587098121,0.743524537093388,0.182253319249543,5.26455770144001,5.26455770144001,2.22869962896972,0.465979169966299,1.13227539659528,4.39829020804972,4.34782608695652,3.07872669181808,3.07872669181808,42.7018270476265,27.872202821748,17.1991870781754,1.73461714290259,13.676255906886,25.7076231463355,26.3615408342684,0.169996190504187,50.0775920315937,95.71,17.4827282203473,99.6784956210233,70.7898670928878,99.4261216760042,18.0295642245108,36.28819858872,2.7338513680875,42.7018270476265,19.0172047271061,42.7018270476265,26.1889541251908,-26.81288275,20.0933913256926
"70","Phillipstown, Northern Cape",25.2109711363154,30.14818157938,41.7672438597255,32.9612228208456,16.980941669891,45.7939297748198,8.47721901685062,3.63645517996614,11.7043949081069,75.1403169627618,36.9066004852209,45.9183673469388,7.85878763005375,2.97619047619048,93.16,71.9736842105263,1.77267608811871,1.91102480471438,2.29133723236085,1.27991869249036,7.04949120566731,7.04949120566731,15.4628197059504,1.45052720345661,0.889047002713306,5.0404351610007,68.7643020594966,19.4122090074699,19.4122090074699,46.0102644721763,16.0348992160042,19.3250225385727,4.67738185039561,26.1026742497946,25.2607207809391,31.694111120595,0.624836074055193,73.0430901832548,93.64,24.8395656422109,99.925666300623,71.3407730656348,99.7920222020634,16.844095076583,56.0234587239914,10.9242990018016,46.0102644721763,27.930617600792,46.0102644721763,29.8942094135766,NA,NA
"71","Plooysburg, Northern Cape",33.9948561587938,33.5838699257762,44.7595683512944,75.0510733424414,30.1340564879247,26.706110149745,11.5789404136967,13.3704866858412,10.384576232267,74.4307573711533,29.6443209468554,0,22.2599498107162,2.97619047619048,94.11,55.030652722683,1.0464001505667,1.04379646213272,1.62222011654248,0.616487942410349,6.14469031258251,6.14469031258251,19.086000737871,0.256051458797393,0.107831106200589,20.7423034116518,74.141876430206,8.90238939405906,8.90238939405906,45.1011188176243,11.5387667841214,12.2774821912662,0.114658838703291,27.6241372526289,19.5727747269795,21.6570545622817,0.0127470937249449,82.1256588189855,93.49,25.6175036538999,99.8423333493844,79.5125662819062,99.8656277295152,22.7868982862453,52.0375391590044,8.7948701487698,45.1011188176243,27.8731025313398,45.1011188176243,31.1996904331778,-29.0272792,24.238515
"72","Pofadder, Northern Cape",26.456348315575,24.4129972123862,21.2696069434705,43.9778623936209,39.6246022613576,36.5462266392348,6.2970728000734,5.06951306241386,7.1154459585131,76.9212493803855,35.3869548781093,45.9183673469388,16.0905508823431,5.95238095238095,88.59,49.9491869918699,4.17851986596043,5.29303496996806,5.28857578417802,2.51009159929151,6.88557137699028,6.88557137699028,6.00507177005503,1.41690428462463,1.88959288858372,6.30131103096604,18.7643020594966,22.0294410432532,22.0294410432532,44.7173596210955,26.202576982715,21.9407109508011,3.72659006127685,28.4920513913785,20.7275851384567,38.3320384775593,0.537381583498559,54.3984390591644,93.96,17.1096253985663,98.372676076962,70.310487469075,97.4129473514032,16.3767105578242,56.1541021292474,9.77465101406473,44.7173596210955,27.4351545670454,44.7173596210955,30.6016344083266,-29.128333,19.395833
"73","Port Nolloth, Northern Cape",27.467635995462,21.3717200327086,29.4421021577176,27.8610698372599,53.8740614236914,34.8812620781881,12.9329151893724,5.09217010403358,18.1600785795984,70.1660964475685,34.1845430087174,45.9183673469388,6.51136417641108,5.95238095238095,88.53,61.151481274455,11.1698429671296,11.8026759232029,16.9285530705969,6.37618567247405,6.63215296108107,6.63215296108107,8.2838256851129,2.6260361733901,1.88883277641576,14.166275801771,20.4805491990847,18.5494668938522,18.5494668938522,48.0383978818958,16.4539577622732,19.3052394864824,10.3883362176009,28.077688430811,18.3891251697652,51.6555598027971,1.53216079569898,78.7924641316732,93.91,27.5185905783329,99.673113855804,70.1480748431694,98.5033863068428,20.2002755924172,52.175319728143,11.1588221267939,48.0383978818958,27.8448058157847,48.0383978818958,29.5497518073652,-29.248889,16.870833
"74","Postmasburg, Northern Cape",32.8563748556856,32.7193111934361,40.359050744471,71.2203855581641,16.8088143501797,47.8581648341508,23.5631475733794,14.6751546657772,29.4884761784475,76.9223634836915,34.9783231746247,45.9183673469388,3.95498991950842,14.8809523809524,94.33,65.7560975609756,9.11963776752224,8.97646544195422,13.6698681305311,5.81434423944163,14.9277496929162,14.9277496929162,23.3637878115968,12.9702564709676,9.40712113638904,23.069806285393,60.1830663615561,10.1772863229672,10.1772863229672,45.5430884744621,10.7909104183217,14.8492378918653,10.5705138259304,33.5437233354799,18.345168544343,51.1327897394193,1.97773767982289,76.2847847529703,91.62,48.7077725620636,72.9076492822325,64.6803056131594,91.3209985477919,28.2097612145325,55.9503433291581,14.3971153987506,45.5430884744621,32.8524066474804,45.5430884744621,34.3485778510298,-28.326667,23.068889
"75","Prieska, Northern Cape",28.4632023326761,36.8854645826458,47.0735552325952,45.6286692107011,16.4527412414912,44.2147279714576,9.85528282735961,6.93116664883474,11.8046936130429,82.5594058955669,35.2584893266825,45.9183673469388,5.56889380355135,5.95238095238095,91.78,66.9460641399417,7.45214787935136,7.44790177433588,9.95484267075896,5.57831136455727,11.6545729208119,11.6545729208119,16.6957886676654,6.14092438051794,5.0595733188548,13.1312860341191,53.5469107551487,40.1029011344951,40.1029011344951,46.281431164667,19.0039999081223,22.8057227859672,15.9222762657343,33.7498658171314,21.9774860693807,35.822410342205,1.83942916542307,67.5389100729701,94.45,18.7855649970047,93.1212500636797,68.9931420134338,95.5632314056251,19.1592425800179,58.9089476111247,18.9763526505809,46.281431164667,32.3481809472412,46.281431164667,31.4174706592988,-29.666286,22.74439
"76","Riemvasmaak, Northern Cape",28.8279360850719,15.5642860058212,23.3527471571188,24.3795262430008,55.1572832319493,55.0001650577209,5.01671286650458,1.74081603111567,7.20064409009718,32.5976883750847,30.1699931877313,0,17.2992719418649,0,91.54,71.0264900662252,0.164275908436824,0.100310318265813,0.245748773734826,0.151145452091581,5.11409538441076,5.11409538441076,1.0253206151263,0.29915776499224,0.392634041897011,1.34291994195668,2.74599542334096,2.47141112570034,2.47141112570034,41.3588528802286,27.0082178614511,19.2809894554653,3.16727501456876,22.7970997643959,18.7872100662515,31.3979459124203,0.310399726567886,17.4000486453952,95.71,28.3937865249316,99.6176711228451,70.6074332780545,98.7826984302292,16.9223244757882,31.383840781408,2.19377575841856,41.3588528802286,16.8333136718716,41.3588528802286,25.7077808402405,-28.4504182,20.3090286
"77","Rietfontein, Northern Cape",27.4779360850719,15.5642860058212,21.8527471571188,24.3795262430008,55.1572832319493,48.0001650577209,5.01671286650458,1.74081603111567,7.20064409009718,41.3051615144473,30.1699931877313,0,17.2992719418649,0,91.54,71.0264900662252,0.542773282486509,0.331428760494969,0.811962446936538,0.499389800642644,5.41945343452451,5.41945343452451,2.15353487494584,0.988427601047848,1.29727645255021,4.59312287099114,2.74599542334096,2.47141112570034,2.47141112570034,44.7937394571237,27.0082178614511,19.2809894554653,3.16727501456876,22.7970997643959,21.0638247873785,31.3979459124203,0.310399726567886,57.4903624551747,95.71,28.3937865249316,99.6176711228451,70.6074332780545,98.7826984302292,16.2473244757882,35.7375773510893,2.6467931794143,44.7937394571237,18.2105650020973,44.7937394571237,25.7077808402405,-26.7431627,20.0274416974572
"78","Ritchie, Northern Cape",41.339595394843,41.443784376978,55.4698812306824,73.2816711730739,54.6312792851694,31.0868603803856,55.6655937165231,97.8906923614302,27.5155279532517,86.3594569972199,26.7315552530658,0,5.34238795457189,5.95238095238095,98.08,65.4773384763742,13.1756702172981,15.2471838072317,18.8364574108758,7.37644462966459,9.98159203351852,9.98159203351852,23.1856874866622,6.40128646993482,5.91621091336479,18.504822937309,78.9473684210526,18.3433987853173,18.3433987853173,44.8101743787814,12.7169355635648,17.6304815508408,14.4739471764104,34.5418554525601,27.6921687449502,29.8530534961404,2.88207965331937,67.0484838660304,90.84,42.3758293749685,75.3858684849277,65.7039206620153,93.5029926736811,48.502594555683,56.5455061251428,16.171587130699,44.8101743787814,40.4065626038416,44.8101743787814,35.9445801739682,-29.0274941,24.5999951
"79","Santoy, Northern Cape",35.3816822618333,24.7303490154229,39.0958714021585,61.8741565208167,17.3862676152315,78.0694876946132,15.5578328925347,16.3442233984304,15.0335725552709,60.4660428714722,34.8869106207416,0,38.2150583455648,5.95238095238095,94.51,57.6710334788937,6.07519901377923,7.5503814596023,10.7212189112107,1.48429725633833,8.86173316176488,8.86173316176488,15.7732919957271,0.149147819434172,0.215348070015384,32.896375183363,45.4233409610984,8.12396360112079,8.12396360112079,45.3762157202803,7.35666835044682,13.447077403699,0.446698916232483,11.5689900585199,11.6980516293189,51.3366310073774,0.0344919860150871,89.3989252157053,90.9,30.9181422703517,99.8394501908372,73.896557733465,99.3862467367234,25.469757577184,47.6764767461069,9.70854694309801,45.3762157202803,27.6182604221297,45.3762157202803,31.4887834690859,-27.1209625,22.8354562
"80","Soverby, Northern Cape",28.8107678840282,35.565307674034,51.3718237156031,35.3132338103284,30.6683539557555,35.6005705846053,18.425624102377,31.038258932224,10.017200882479,81.0000487914441,23.8978931170722,0,0,2.97619047619048,97.68,57.6710334788937,15.5644531222695,17.703548334931,28.8544638219103,3.9926236880429,10.8136470179515,10.8136470179515,9.62587612837277,0.556933476037427,3.78621110405971,11.4087141149676,30.2059496567506,12.2715005150914,12.2715005150914,46.7338811857747,25.9420262321712,14.8752763124276,8.21492513698743,14.6518766000108,27.2799906172351,33.0004233663163,0.642392940187728,77.417447275377,93.1,31.0015920470598,92.9588741565599,78.3273856091321,99.6746177026425,23.6181959932026,52.4489709542581,12.0688691959213,46.7338811857747,29.3786787144607,46.7338811857747,38.6930301664773,NA,NA
"81","Springbok, Northern Cape",31.440200550935,29.7298763625553,33.3999001153375,52.2823190912376,51.6360196918082,26.510351808389,41.1054272830602,17.9538173968318,56.5398338738791,82.0333963336838,44.6678869493979,91.8367346938776,8.27111435612819,8.92857142857143,92.18,62.6464507236389,17.7547516882904,18.0559228731902,19.0454261137289,16.5608674805366,19.9724412562369,19.9724412562369,16.8431260659351,5.51286549925902,7.26586298366671,28.7775147219917,36.2700228832952,16.7625152736547,16.7625152736547,52.1918744992458,22.1437576548321,20.994780069574,26.5802274373986,29.7100036428205,19.7752107842786,47.7726584369429,2.61239027973151,79.5963133288807,94.92,77.9812461243468,97.2359858667274,67.7224021550134,92.2178676532417,36.2728139169976,63.3506416415409,17.8332085710293,52.1918744992458,39.1522213765226,52.1918744992458,32.7889519964013,-29.6659872,17.8825119
"82","Steinkopf, Northern Cape",34.0229457013595,21.993899635995,33.2369418011505,61.5302570993562,51.6639900687366,31.5780527167389,13.3113763094921,17.9538173968318,10.216415584599,76.3055276093965,26.1597411543796,0,8.43050891836612,2.97619047619048,96.28,57.2890025575448,2.79867501591717,2.54571935443352,3.75632673942379,2.27015296939993,6.25686954232856,6.25686954232856,10.2238526476927,3.38039653179992,3.2246161769084,10.662545090733,30.5491990846682,9.53499427691443,9.53499427691443,45.0229902285031,27.5831440863076,20.540558782824,8.84363585543897,30.610525890271,20.0910162668138,33.1036863864884,0.869180986467453,55.3329280130235,94.92,20.0358693392649,99.7799747807183,69.4040453132612,95.2281271512019,23.6671610054258,51.2326343818881,7.20359787071322,45.0229902285031,27.3677977526757,45.0229902285031,29.3247108873326,-29.2625,17.7333333
"83","Straussburg, Northern Cape",22.4399707792037,32.72559837762,36.516272818553,29.5240556395842,15.6776964683424,40.6424386260516,20.4832746453546,35.0362827347049,10.7812692524544,83.8733635119217,24.102017756255,0,0,2.97619047619048,94,62.7118644067797,20.299665592459,19.8381958080045,34.2895264655066,10.1533722760142,20.3790685950156,20.3790685950156,14.9756529670326,0.193978377876813,11.5210231980197,20.3492407321879,36.9565217391304,12.1003902882709,12.1003902882709,46.6477763203264,14.1292356325417,15.2492464401143,7.49811045071878,23.8707966471194,20.5610353865231,46.2423082024589,0.848931654182781,93.5540732232924,93.83,21.1336559513268,87.866561898478,69.9040932458471,99.7611052305291,21.4616227122791,53.9876906340884,16.9386943606945,46.6477763203264,30.7960025690207,46.6477763203264,40.6380081705348,-28.4422289,21.3281039
"84","Strydenburg, Northern Cape",33.1857480763974,25.1409976028625,35.3166515403241,48.1911923813777,54.3087129980171,37.4829112830242,6.06638022515781,5.95030555538073,6.14376333834252,82.432034775454,27.5434243432944,0,13.2799566664534,2.97619047619048,88.48,64.6146616541353,1.27634062585481,1.11077621060978,1.34252140327389,1.35087835422428,7.22962766380734,7.22962766380734,13.9569523439585,1.28758536604009,1.39562670240947,5.69129373153438,60.0686498855835,7.06358315121409,7.06358315121409,44.3003987329249,24.9350175440004,16.5806307702488,3.00575208407533,31.9121856348101,21.1743173390736,26.5827121734619,0.348012238377618,59.812045409413,94.75,21.7710461010249,97.9917644718943,69.3632258589339,99.5432102767951,19.6260641507776,54.9877295593742,7.38162594620867,44.3003987329249,27.3318065521202,44.3003987329249,28.7573868759856,-29.944282,23.675855
"85","Sutherland, Northern Cape",23.6048794232643,23.1835973537556,31.046404749917,14.5240556395842,51.7835145308758,27.560562927926,9.74276457107071,4.28218086612835,13.3831537076989,50.826628019872,27.8706281824923,0,13.9870347541242,5.95238095238095,91.15,62.7118644067797,2.40968094007889,2.44002693654225,3.18919216009635,1.80228802771829,6.87710817668979,6.87710817668979,14.3911818938182,1.22249484368587,0.822240907193754,8.24807357732538,60.6407322654462,32.3247441776626,32.3247441776626,47.7861298769085,21.9635845158138,22.7423274369753,4.82607335326682,31.4209701813722,17.5471650468595,35.3207698533955,0.275593420053442,75.5593634110021,95.4,44.0652266431403,99.4985155343753,68.9424408400076,99.6243905308397,16.6738219971675,39.3486281011822,14.0006787970624,47.7861298769085,23.3410429651374,47.7861298769085,26.624257365052,-32.393889,20.661111
"86","Ulco, Northern Cape",31.701758535638,34.6514442835886,50.4888646947206,71.6613316032047,17.0711220110361,25.7166324923047,12.6869468688647,14.4712412911996,11.4974172539748,77.8291266975773,28.0069296464563,0,7.53843226200994,0,97.43,70.2377458174347,6.19208109122383,8.51607238819203,7.54510202014877,3.43432192180399,7.07291111364911,7.07291111364911,22.0594942100991,0.756084610657621,2.58525288926727,32.2877531301277,72.9977116704805,2.65095112476675,2.65095112476675,44.6067030116077,7.81688748347401,12.5422230850132,1.28791803830965,13.7504505174528,14.3833634705581,50.1644848028137,0.229622989646145,76.2299085406957,91.01,35.6121922101824,99.2137325518797,70.4179130868581,99.5192631995788,22.1943527022514,52.9180281720168,9.4938593849347,44.6067030116077,28.2020800864009,44.6067030116077,33.8061322838633,-28.3297222,24.2080556
"87","Upington, Northern Cape",31.377513796581,34.5787748338622,40.2944297384335,31.462901026845,47.7558928739001,49.832460458302,59.5897090737078,35.0362827347049,75.9586599663763,88.0243054238371,44.4679993326614,91.8367346938776,5.28262492511603,26.7857142857143,94.89,64.5808454740865,33.7498454217219,35.6577054442258,43.6948611970028,24.8601885733832,32.8255708818024,32.8255708818024,31.001257437402,29.1316727895397,19.8409210017351,45.1629571408302,36.3844393592677,64.6102262404136,64.6102262404136,47.4938443853332,16.3177382823474,20.4547919651251,31.0483903386285,42.4947543675002,28.923215812007,47.387016429092,3.51509618456995,78.5865703901475,93.83,65.5289371600369,57.8960370594924,58.966446512652,64.1227835208538,45.4836114351444,66.2461523782492,40.546724995335,47.4938443853332,50.7588296029095,47.4938443853332,45.7279477032681,-28.456325,21.241867
"88","Van Wyksvlei, Northern Cape",24.7572730480426,19.1001834755328,27.590221068658,24.8099881430734,17.3354983304625,72.0675435973587,5.12565753051599,3.71292269543272,6.06748075390484,66.1439627757673,30.8278679273213,0,23.048942802264,5.95238095238095,90.41,65.0429799426934,2.96072479452433,3.47440693482267,5.12735941448003,0.950487224333795,5.53889965910761,5.53889965910761,9.78215996816486,0.741859529613321,0.638622823491251,7.93847448050382,38.9016018306636,11.6557551767278,11.6557551767278,43.1717297905963,27.8249514309328,20.2978049611115,2.53595761720227,13.2551113173658,27.2128870406498,24.2725146476492,0.245203655584492,50.9436449166965,95.46,21.8579549987507,99.8301546071892,69.5422440985737,99.5485837696777,14.9414652892793,48.4859153515443,7.48438489963116,43.1717297905963,23.6372551801516,43.1717297905963,27.4481404582311,-30.3513889,21.8241667
"89","Van Zylsrus, Northern Cape",29.0550806257842,22.0715394751495,33.1459956184097,28.2357707276317,40.4062768701633,57.9831465502882,16.0757230873744,16.3442233984304,15.8967228800037,47.0309490125714,50.2716425361478,0,90.5644533394892,2.97619047619048,94.98,55.0671229270861,1.13735728721242,0.937519234969117,0.706181416961709,1.61061772908293,5.46333882077421,5.46333882077421,9.05818444917829,0.188805621133431,0.254935668619974,10.9868663753345,33.6384439359268,4.93439247915481,4.93439247915481,43.5867695249431,6.07483063416551,13.9004918003055,1.84683664710454,18.1816904533221,21.9111191801746,22.7328813727246,0.142605484259552,76.8429146676735,90.9,30.9181422703517,99.5244601326973,72.9979776404805,99.2230522274128,22.5654018565793,48.6512957743596,5.14831825907993,43.5867695249431,25.4550052966729,43.5867695249431,29.605002032625,-26.87696445,22.0510857757427
"90","Vanderkloof, Northern Cape",30.7104916763053,40.6808578354342,46.8064716642032,44.3235643023228,36.7301324503311,34.2563866195591,14.1814608892513,3.63645517996614,21.2114646954415,77.7159293199646,33.4718689448627,0,21.5348700123215,2.97619047619048,95.11,80.997798972854,4.04189749746296,5.00818535062859,5.6585116370148,2.10472100292486,6.79403902754296,6.79403902754296,19.1337933195072,0.529345440072724,2.04072345849862,16.5278220597478,75.2860411899314,3.51493203111529,3.51493203111529,47.6442015486263,13.7185687804064,15.2636701133078,2.50439731449931,13.7343047222796,18.0084320016729,51.2968079384589,0.334554208940291,73.1406930661359,93.64,68.269915055966,98.9519361380839,70.2598520171034,99.9241020101438,22.4459762827783,55.5938991324136,8.37116546890711,47.6442015486263,28.8036802946997,47.6442015486263,32.1030968832594,-29.998169,24.7401268
"91","Victoria West, Northern Cape",31.8115508035005,27.9466556171518,35.435580367776,29.5240556395842,63.2207803505212,41.1697835461615,10.078044335767,7.13035980640817,12.0431673553396,82.8513381009034,37.9144546357426,45.9183673469388,14.4174571950677,5.95238095238095,92.54,66.1953727506427,4.75235035850058,4.81587146911729,5.72731668418582,3.97348478127413,8.50137123332517,8.50137123332517,13.6584754575389,3.55799451332269,4.1112548786922,8.39033386328775,48.3981693363844,27.0228419281291,27.0228419281291,45.5947683702903,20.0359489454038,21.942112068489,11.116898587835,31.6394738970585,22.7327420999307,35.2842897260452,1.62621494970509,63.1942015320157,94.39,17.898807247205,94.1261952787074,69.8862660596965,97.0625933096123,20.9447975696337,60.382896368323,13.4837597443734,45.5947683702903,31.6038178941101,45.5947683702903,30.9965889416798,-31.403055,23.120556
"92","Vioolsdrif, Northern Cape",26.4156745439557,36.2233256313859,16.3222814079761,48.9937341746994,49.3189223057644,23.2579131084514,10.2226640834775,17.9538173968318,5.06856187457458,63.2941890547473,35.7609986664352,0,44.0747006252181,2.97619047619048,89,57.2890025575448,3.89205662833869,3.91021881304692,5.24567447842328,2.86322160224408,5.46738231619212,5.46738231619212,9.20797457592648,0.258637837169084,0.0924122824414822,22.7444189816811,22.7688787185355,12.0148351748606,12.0148351748606,45.8284936840415,22.5630553896718,17.6817321060894,1.04072258799455,14.9383192750318,16.5680823533179,34.7317372849071,0.102285564443572,91.7651785912617,94.92,20.0358693392649,99.6174359544447,72.5590883988508,99.6348987873911,18.3191693137166,49.5275938605913,7.64556217382949,45.8284936840415,25.1641084493791,45.8284936840415,29.1912240212202,-28.770794,17.625584
"93","Vosburg, Northern Cape",27.6322160615581,19.8381955477704,32.9415592526995,20.8616885095734,31.2524901077909,70.8071232503024,10.8494531803917,3.71292269543272,15.6071401703644,67.9120578299544,27.6493788541898,0,10.5023115072005,2.97619047619048,88.24,71.1163153786105,1.32199061264438,1.26624648124377,1.79164858092579,1.0115552349838,5.72813682731808,5.72813682731808,12.0758897270081,0.542708394993127,0.335766825439914,10.7779829439791,48.2837528604119,8.47461382700773,8.47461382700773,45.4155880315361,23.5813654421394,13.5766029735008,1.57375010342145,13.4442370704773,16.0424937009068,32.8818747009452,0.152167085001919,80.2263090554486,95.46,39.8388002273457,99.6279462014092,70.7355513891548,99.6697658140757,19.2408346209749,47.7807183420721,6.90015774849458,45.4155880315361,24.6405702371805,45.4155880315361,27.4554108945163,-30.575136,22.879661
"94","Warrenton, Northern Cape",39.4993134179093,42.3216296440823,57.6726470167583,82.3722801413817,17.9209434997001,52.7075952422754,11.8246842616624,6.78295183490569,15.1858392128335,83.7510419804291,34.6948796776346,45.9183673469388,5.26835893784704,8.92857142857143,92.74,62.8297362110312,4.56525353860051,4.16012990402684,6.8011907111464,3.19214338512134,14.0764003915711,14.0764003915711,24.8631430585057,9.7368524432921,10.825271324115,15.2116600762006,78.2608695652174,22.7476010395188,22.7476010395188,44.5365263410971,6.87946552069498,20.427177307502,12.0337798043679,33.8510698856676,27.4161525568003,37.9394046282557,2.01136769366103,55.783873075295,90.65,26.2594527567727,90.915344859849,66.6081812930066,94.950397216228,25.6619988397859,59.2229608290318,16.563099507049,44.5365263410971,33.8160197252889,44.5365263410971,35.0032851218878,-28.1113889,24.8497222
"95","Wegdraai, Northern Cape",28.0914531628893,36.4120188139969,42.0619463587773,31.2183464627854,30.7142857142857,48.6169163714642,6.21319848907845,6.21746983781334,6.21035092325519,79.025740529516,26.7141329185742,0,0,2.97619047619048,98.9,75.2259654889071,4.83813550126104,5.62608129178245,9.09373029740278,1.05548006126368,8.19802249605758,8.19802249605758,12.0792531893815,0.943597042605206,2.67250025919494,7.71811541754839,47.254004576659,2.73650623817702,2.73650623817702,41.5457991094815,27.3040198040992,20.7583572118962,3.00959103027204,13.734437696443,25.8131345627654,23.6832059486625,0.346169459632109,37.4010364285586,95.19,15.7511453536542,94.5271980702288,73.3858004920818,99.2919902678117,17.1523258259839,52.8699367240451,6.96297935621929,41.5457991094815,25.6617473020828,41.5457991094815,32.9462865926606,-28.8368766,21.866677
"96","Williston, Northern Cape",25.2242797851275,23.9543550046194,22.3006918853338,29.5240556395842,40.4400385067308,45.1421505253185,6.8125283917072,4.28218086612835,8.49942674209311,66.0803857306829,28.0866349111352,0,11.7776812834609,5.95238095238095,96.79,62.9306162057254,1.65543665731029,1.57644380149196,1.93018654325708,1.50861888471396,6.28282363814114,6.28282363814114,11.8364794044999,1.45182039264246,1.13143810503829,9.88416831487983,45.4233409610984,20.5750041152786,20.5750041152786,47.0113920989011,24.7294424111066,25.2526754804645,4.99988667052264,33.2181483130315,19.9607388645399,35.6224942375246,0.285519047666756,69.9669845563581,95.4,24.2197615000503,99.8660691310916,69.4189832512684,99.5539306445233,16.0184040884174,47.083510320909,10.0874359538075,47.0113920989011,24.3964501210446,47.0113920989011,25.6835812022318,-31.33903,20.916172
"97","Windsorton, Northern Cape",37.7658690348676,42.5236204690733,55.6505019489307,74.8984968418521,31.2343430208759,36.061337816906,10.0226873466998,14.4712412911996,7.05698471703332,78.8491608474517,26.5969116656408,0,6.34675689003141,2.97619047619048,95.44,65.2109766892889,1.59531644787466,1.43119342663347,2.4344299825369,1.08907356280888,10.4626474518773,10.4626474518773,18.9937599578443,2.69414413717795,3.01963936180317,7.67958907164238,78.7185354691076,8.80840450840292,8.80840450840292,41.7282171146427,6.24377308711281,15.7448505138087,6.6867270861003,11.4537098202813,24.473377018702,29.3191092701559,1.19181909503835,54.1167713165283,91.01,21.0710686187957,97.155239883331,72.343472362119,98.286998288123,23.8942781907837,52.7230362565463,9.96503209149979,41.7282171146427,28.8607821796099,41.7282171146427,35.9324791299238,-28.3322222,24.7161111
